Drama,Episode,Post_0,Like_0,Comment_0,Share_0,Post_1,Like_1,Comment_1,Share_1,Post_2,Like_2,Comment_2,Share_2,Post_3,Like_3,Comment_3,Share_3
真愛找麻煩,1,114,4636,165,390,7,1921,37,27,0,0,0,0,0,0,0,0
真愛找麻煩,2,101,7837,311,432,114,4636,165,390,7,1921,37,27,0,0,0,0
真愛找麻煩,3,92,1378,102,12,101,7837,311,432,114,4636,165,390,7,1921,37,27
真愛找麻煩,4,75,3380,221,84,92,1378,102,12,101,7837,311,432,114,4636,165,390
真愛找麻煩,5,81,2347,511,16,32,1625,74,22,39,277,65,0,75,3380,221,84
真愛找麻煩,6,85,1270,185,0,81,2347,511,16,32,1625,74,22,39,277,65,0
真愛找麻煩,7,132,5426,383,90,85,1270,185,0,81,2347,511,16,32,1625,74,22
真愛找麻煩,8,160,3829,359,26,132,5426,383,90,85,1270,185,0,81,2347,511,16
真愛找麻煩,9,116,4934,395,95,160,3829,359,26,132,5426,383,90,85,1270,185,0
真愛找麻煩,10,85,3409,184,19,31,330,46,0,47,2571,129,67,116,4934,395,95
真愛找麻煩,11,147,6248,402,55,85,3409,184,19,31,330,46,0,47,2571,129,67
真愛找麻煩,12,141,2235,324,23,147,6248,402,55,85,3409,184,19,31,330,46,0
真愛找麻煩,13,200,6249,480,116,141,2235,324,23,147,6248,402,55,85,3409,184,19
真愛找麻煩,14,188,4449,336,42,200,6249,480,116,141,2235,324,23,147,6248,402,55
真愛找麻煩,15,142,4758,255,30,43,3072,166,0,72,1052,137,0,188,4449,336,42
真愛找麻煩,16,156,2710,287,0,142,4758,255,30,43,3072,166,0,72,1052,137,0
真愛找麻煩,17,187,7652,507,147,156,2710,287,0,142,4758,255,30,43,3072,166,0
真愛找麻煩,18,207,8798,507,126,187,7652,507,147,156,2710,287,0,142,4758,255,30
真愛找麻煩,19,229,9821,478,234,207,8798,507,126,187,7652,507,147,156,2710,287,0
真愛找麻煩,20,173,6133,462,60,78,1080,129,0,83,1083,211,0,229,9821,478,234
真愛找麻煩,21,276,9555,712,382,173,6133,462,60,78,1080,129,0,83,1083,211,0
真愛找麻煩,22,381,10963,841,163,276,9555,712,382,173,6133,462,60,78,1080,129,0
真愛找麻煩,23,291,10661,687,80,381,10963,841,163,276,9555,712,382,173,6133,462,60
真愛找麻煩,24,308,8019,466,318,291,10661,687,80,381,10963,841,163,276,9555,712,382
真愛找麻煩,25,287,12598,604,424,89,5170,421,45,126,2100,287,11,308,8019,466,318
真愛找麻煩,26,418,15470,952,73,287,12598,604,424,89,5170,421,45,126,2100,287,11
真愛找麻煩,27,489,15289,986,366,418,15470,952,73,287,12598,604,424,89,5170,421,45
真愛找麻煩,28,513,18769,1260,519,489,15289,986,366,418,15470,952,73,287,12598,604,424
真愛找麻煩,29,376,9216,765,65,513,18769,1260,519,489,15289,986,366,418,15470,952,73
真愛找麻煩,30,242,10238,539,37,144,7459,499,32,106,10959,390,379,165,12254,891,329
真愛找麻煩,31,235,4974,560,29,242,10238,539,37,144,7459,499,32,106,10959,390,379
真愛找麻煩,32,382,6171,666,17,235,4974,560,29,242,10238,539,37,144,7459,499,32
真愛找麻煩,33,440,18501,1172,191,382,6171,666,17,235,4974,560,29,242,10238,539,37
真愛找麻煩,34,519,12963,1196,193,118,2007,332,0,201,3349,528,0,440,18501,1172,191
真愛找麻煩,35,522,26480,1626,194,519,12963,1196,193,118,2007,332,0,201,3349,528,0
真愛找麻煩,36,819,28078,1657,438,522,26480,1626,194,519,12963,1196,193,118,2007,332,0
真愛找麻煩,37,745,19862,1589,404,819,28078,1657,438,522,26480,1626,194,519,12963,1196,193
真愛找麻煩,38,781,40097,2285,805,745,19862,1589,404,819,28078,1657,438,522,26480,1626,194
真愛找麻煩,39,508,13499,942,59,163,4342,412,15,320,26301,1229,471,781,40097,2285,805
真愛找麻煩,40,570,19719,990,130,508,13499,942,59,163,4342,412,15,320,26301,1229,471
真愛找麻煩,41,581,16139,1080,157,570,19719,990,130,508,13499,942,59,163,4342,412,15
真愛找麻煩,42,768,14799,1196,101,581,16139,1080,157,570,19719,990,130,508,13499,942,59
真愛找麻煩,43,1061,38716,1807,860,768,14799,1196,101,581,16139,1080,157,570,19719,990,130
真愛找麻煩,44,652,14675,750,85,223,4658,595,20,552,22822,1483,135,1061,38716,1807,860
真愛找麻煩,45,995,26332,1319,1048,652,14675,750,85,223,4658,595,20,552,22822,1483,135
真愛找麻煩,46,644,41211,1546,583,995,26332,1319,1048,652,14675,750,85,223,4658,595,20
真愛找麻煩,47,447,14686,824,120,644,41211,1546,583,995,26332,1319,1048,652,14675,750,85
真愛找麻煩,48,498,18766,1014,444,447,14686,824,120,644,41211,1546,583,995,26332,1319,1048
真愛找麻煩,49,668,22567,938,323,115,2807,212,2,204,4515,536,0,498,18766,1014,444
真愛找麻煩,50,515,14424,596,409,668,22567,938,323,115,2807,212,2,204,4515,536,0
真愛找麻煩,51,661,21527,1111,364,515,14424,596,409,668,22567,938,323,115,2807,212,2
真愛找麻煩,52,742,18122,1145,179,661,21527,1111,364,515,14424,596,409,668,22567,938,323
真愛找麻煩,53,582,20353,974,718,742,18122,1145,179,661,21527,1111,364,515,14424,596,409
真愛找麻煩,54,662,17488,1195,71,117,2753,354,1,230,8795,646,18,582,20353,974,718
真愛找麻煩,55,748,7055,1010,11,662,17488,1195,71,117,2753,354,1,230,8795,646,18
真愛找麻煩,56,674,14395,1634,65,748,7055,1010,11,662,17488,1195,71,117,2753,354,1
真愛找麻煩,57,622,16050,1287,554,674,14395,1634,65,748,7055,1010,11,662,17488,1195,71
真愛找麻煩,58,981,18024,1414,103,622,16050,1287,554,674,14395,1634,65,748,7055,1010,11
真愛找麻煩,59,1387,26006,1790,146,147,12371,500,95,355,18177,973,525,981,18024,1414,103
真愛找麻煩,60,949,20770,1818,438,1387,26006,1790,146,147,12371,500,95,355,18177,973,525
真愛找麻煩,61,1233,21171,1797,178,949,20770,1818,438,1387,26006,1790,146,147,12371,500,95
真愛找麻煩,62,1592,29781,2381,540,1233,21171,1797,178,949,20770,1818,438,1387,26006,1790,146
真愛找麻煩,63,4065,49307,4510,154,1592,29781,2381,540,1233,21171,1797,178,949,20770,1818,438
真愛找麻煩,64,1249,35606,2093,0,592,11957,1330,0,1467,32593,3359,213,4065,49307,4510,154
真愛找麻煩,65,1372,17915,1848,0,1249,35606,2093,0,592,11957,1330,0,1467,32593,3359,213
真愛找麻煩,66,1325,39326,2548,0,1372,17915,1848,0,1249,35606,2093,0,592,11957,1330,0
真愛找麻煩,67,1130,28165,2124,0,1325,39326,2548,0,1372,17915,1848,0,1249,35606,2093,0
真愛找麻煩,68,1307,20998,1911,0,1130,28165,2124,0,1325,39326,2548,0,1372,17915,1848,0
真愛找麻煩,69,937,36933,1592,0,290,6539,933,0,490,10095,1326,0,1307,20998,1911,0
真愛找麻煩,70,866,35365,1701,0,937,36933,1592,0,290,6539,933,0,490,10095,1326,0
真愛找麻煩,71,928,25871,1509,0,866,35365,1701,0,937,36933,1592,0,290,6539,933,0
真愛找麻煩,72,732,31440,1487,0,928,25871,1509,0,866,35365,1701,0,937,36933,1592,0
真愛找麻煩,73,634,19873,2069,0,732,31440,1487,0,928,25871,1509,0,866,35365,1701,0
真愛找麻煩,74,516,35128,2012,0,178,3041,480,0,252,4562,823,0,634,19873,2069,0
真愛找麻煩,75,472,17477,980,0,516,35128,2012,0,178,3041,480,0,252,4562,823,0
真愛找麻煩,76,433,39158,1218,0,472,17477,980,0,516,35128,2012,0,178,3041,480,0
真愛找麻煩,77,570,26303,1159,0,433,39158,1218,0,472,17477,980,0,516,35128,2012,0
真愛找麻煩,78,820,30594,1213,0,570,26303,1159,0,433,39158,1218,0,472,17477,980,0
真愛找麻煩,79,680,37345,1833,0,217,5266,562,0,518,71651,1878,0,820,30594,1213,0
真愛找麻煩,80,778,21254,1315,0,680,37345,1833,0,217,5266,562,0,518,71651,1878,0
真愛找麻煩,81,972,17269,1452,0,778,21254,1315,0,680,37345,1833,0,217,5266,562,0
真愛找麻煩,82,804,24766,1324,0,972,17269,1452,0,778,21254,1315,0,680,37345,1833,0
真愛找麻煩,83,871,29903,1692,0,804,24766,1324,0,972,17269,1452,0,778,21254,1315,0
真愛找麻煩,84,1408,55715,1308,0,356,10154,433,0,446,25607,1376,0,871,29903,1692,0
剩女保鑣,1,93,46655,747,1268,16,27706,256,607,14,11044,83,235,1,787,10,20
剩女保鑣,2,66,9924,211,79,93,46655,747,1268,16,27706,256,607,14,11044,83,235
剩女保鑣,3,74,15302,248,298,66,9924,211,79,93,46655,747,1268,16,27706,256,607
剩女保鑣,4,64,10515,282,192,74,15302,248,298,66,9924,211,79,93,46655,747,1268
剩女保鑣,5,70,36980,588,1315,15,13766,148,138,26,20710,409,901,64,10515,282,192
剩女保鑣,6,83,22210,364,630,70,36980,588,1315,15,13766,148,138,26,20710,409,901
剩女保鑣,7,103,29961,508,298,83,22210,364,630,70,36980,588,1315,15,13766,148,138
剩女保鑣,8,126,67529,913,3436,103,29961,508,298,83,22210,364,630,70,36980,588,1315
剩女保鑣,9,120,71648,1592,3474,126,67529,913,3436,103,29961,508,298,83,22210,364,630
剩女保鑣,10,63,41296,426,713,31,26672,211,343,52,8547,130,273,120,71648,1592,3474
剩女保鑣,11,104,21636,411,355,63,41296,426,713,31,26672,211,343,52,8547,130,273
剩女保鑣,12,87,19592,374,301,104,21636,411,355,63,41296,426,713,31,26672,211,343
剩女保鑣,13,82,46838,502,938,87,19592,374,301,104,21636,411,355,63,41296,426,713
剩女保鑣,14,87,16293,297,288,82,46838,502,938,87,19592,374,301,104,21636,411,355
剩女保鑣,15,61,40462,591,719,36,78806,907,1361,27,16832,211,304,87,16293,297,288
剩女保鑣,16,82,51193,464,844,61,40462,591,719,36,78806,907,1361,27,16832,211,304
剩女保鑣,17,128,39408,428,692,82,51193,464,844,61,40462,591,719,36,78806,907,1361
剩女保鑣,18,110,73376,763,1259,128,39408,428,692,82,51193,464,844,61,40462,591,719
剩女保鑣,19,133,110597,1267,2329,110,73376,763,1259,128,39408,428,692,82,51193,464,844
剩女保鑣,20,95,52108,559,866,48,38966,487,1127,62,1109,134,24,133,110597,1267,2329
剩女保鑣,21,107,97963,956,1339,95,52108,559,866,48,38966,487,1127,62,1109,134,24
剩女保鑣,22,99,73721,546,1123,107,97963,956,1339,95,52108,559,866,48,38966,487,1127
剩女保鑣,23,89,55268,1323,839,99,73721,546,1123,107,97963,956,1339,95,52108,559,866
剩女保鑣,24,120,19829,396,218,89,55268,1323,839,99,73721,546,1123,107,97963,956,1339
剩女保鑣,25,43,17669,170,143,16,187,28,1,54,50764,371,469,120,19829,396,218
剩女保鑣,26,44,55251,390,527,43,17669,170,143,16,187,28,1,54,50764,371,469
剩女保鑣,27,63,38614,346,481,44,55251,390,527,43,17669,170,143,16,187,28,1
剩女保鑣,28,161,33362,2665,629,63,38614,346,481,44,55251,390,527,43,17669,170,143
剩女保鑣,29,90,32100,338,707,161,33362,2665,629,63,38614,346,481,44,55251,390,527
剩女保鑣,30,80,25773,303,505,34,41164,273,766,44,1263,115,34,90,32100,338,707
剩女保鑣,31,117,17092,294,165,80,25773,303,505,34,41164,273,766,44,1263,115,34
剩女保鑣,32,83,34351,286,467,117,17092,294,165,80,25773,303,505,34,41164,273,766
剩女保鑣,33,66,43361,333,402,83,34351,286,467,117,17092,294,165,80,25773,303,505
剩女保鑣,34,92,44872,615,1002,66,43361,333,402,83,34351,286,467,117,17092,294,165
剩女保鑣,35,70,18612,261,174,28,26795,181,479,49,7052,190,100,92,44872,615,1002
剩女保鑣,36,74,18064,257,482,70,18612,261,174,28,26795,181,479,49,7052,190,100
剩女保鑣,37,60,11440,236,100,74,18064,257,482,70,18612,261,174,28,26795,181,479
剩女保鑣,38,67,12311,230,74,60,11440,236,100,74,18064,257,482,70,18612,261,174
剩女保鑣,39,82,171594,1325,2732,67,12311,230,74,60,11440,236,100,74,18064,257,482
剩女保鑣,40,57,91063,917,1405,22,25685,140,532,38,679,106,0,82,171594,1325,2732
剩女保鑣,41,55,6071,102,38,57,91063,917,1405,22,25685,140,532,38,679,106,0
剩女保鑣,42,74,45475,403,572,55,6071,102,38,57,91063,917,1405,22,25685,140,532
剩女保鑣,43,70,6799,221,48,74,45475,403,572,55,6071,102,38,57,91063,917,1405
剩女保鑣,44,97,7378,417,68,70,6799,221,48,74,45475,403,572,55,6071,102,38
剩女保鑣,45,141,39801,598,355,32,9437,116,3,44,1084,164,5,97,7378,417,68
剩女保鑣,46,111,32054,754,951,141,39801,598,355,32,9437,116,3,44,1084,164,5
剩女保鑣,47,121,7463,334,54,111,32054,754,951,141,39801,598,355,32,9437,116,3
剩女保鑣,48,90,6670,273,40,121,7463,334,54,111,32054,754,951,141,39801,598,355
剩女保鑣,49,103,25250,457,551,90,6670,273,40,121,7463,334,54,111,32054,754,951
剩女保鑣,50,161,7732,501,63,37,18657,281,513,49,8027,231,140,103,25250,457,551
剩女保鑣,51,170,31175,571,377,161,7732,501,63,37,18657,281,513,49,8027,231,140
剩女保鑣,52,132,2257,347,2,170,31175,571,377,161,7732,501,63,37,18657,281,513
剩女保鑣,53,199,9707,581,75,132,2257,347,2,170,31175,571,377,161,7732,501,63
剩女保鑣,54,202,23818,853,343,199,9707,581,75,132,2257,347,2,170,31175,571,377
剩女保鑣,55,209,36975,685,389,38,16813,225,151,55,1275,173,4,202,23818,853,343
剩女保鑣,56,152,29892,586,250,209,36975,685,389,38,16813,225,151,55,1275,173,4
剩女保鑣,57,162,39186,668,706,152,29892,586,250,209,36975,685,389,38,16813,225,151
剩女保鑣,58,125,13286,410,99,162,39186,668,706,152,29892,586,250,209,36975,685,389
剩女保鑣,59,162,9493,474,69,125,13286,410,99,162,39186,668,706,152,29892,586,250
剩女保鑣,60,151,8128,405,48,61,18653,249,108,71,1630,164,1,162,9493,474,69
剩女保鑣,61,143,17522,499,148,151,8128,405,48,61,18653,249,108,71,1630,164,1
剩女保鑣,62,143,61997,1113,1092,143,17522,499,148,151,8128,405,48,61,18653,249,108
剩女保鑣,63,191,18648,519,201,143,61997,1113,1092,143,17522,499,148,151,8128,405,48
剩女保鑣,64,149,11025,422,89,191,18648,519,201,143,61997,1113,1092,143,17522,499,148
剩女保鑣,65,97,10893,252,79,48,1034,63,7,59,1429,126,16,149,11025,422,89
剩女保鑣,66,154,25777,557,289,97,10893,252,79,48,1034,63,7,59,1429,126,16
剩女保鑣,67,141,14104,495,328,154,25777,557,289,97,10893,252,79,48,1034,63,7
剩女保鑣,68,204,14809,569,132,141,14104,495,328,154,25777,557,289,97,10893,252,79
剩女保鑣,69,231,57232,900,750,204,14809,569,132,141,14104,495,328,154,25777,557,289
剩女保鑣,70,112,63312,1343,727,29,285,31,0,92,1693,120,5,231,57232,900,750
剩女保鑣,71,97,28479,700,388,112,63312,1343,727,29,285,31,0,92,1693,120,5
剩女保鑣,72,71,5979,234,29,97,28479,700,388,112,63312,1343,727,29,285,31,0
剩女保鑣,73,69,67504,992,739,71,5979,234,29,97,28479,700,388,112,63312,1343,727
剩女保鑣,74,64,18558,251,203,21,18411,187,137,41,963,152,23,62,7338,304,75
剩女保鑣,75,85,17418,432,89,64,18558,251,203,21,18411,187,137,41,963,152,23
剩女保鑣,76,157,82383,1289,1103,85,17418,432,89,64,18558,251,203,21,18411,187,137
剩女保鑣,77,100,13004,318,97,157,82383,1289,1103,85,17418,432,89,64,18558,251,203
剩女保鑣,78,84,5737,270,38,36,86491,650,728,50,35968,437,384,51,27451,365,214
剩女保鑣,79,65,7819,196,53,84,5737,270,38,36,86491,650,728,50,35968,437,384
剩女保鑣,80,174,34658,664,558,65,7819,196,53,84,5737,270,38,36,86491,650,728
剩女保鑣,81,247,26346,650,104,174,34658,664,558,65,7819,196,53,84,5737,270,38
剩女保鑣,82,331,60795,5376,822,57,44138,436,582,87,37182,669,719,112,18247,514,420
愛上巧克力,1,65,3746,164,89,18,1587,50,35,5,190,4,0,3,6,0,0
愛上巧克力,2,56,2576,96,15,65,3746,164,89,18,1587,50,35,5,190,4,0
愛上巧克力,3,45,1814,30,23,56,2576,96,15,65,3746,164,89,18,1587,50,35
愛上巧克力,4,51,1297,57,17,45,1814,30,23,56,2576,96,15,65,3746,164,89
愛上巧克力,5,40,4396,103,158,27,606,28,2,28,130,35,1,51,1297,57,17
愛上巧克力,6,42,2864,80,135,40,4396,103,158,27,606,28,2,28,130,35,1
愛上巧克力,7,51,5374,172,282,42,2864,80,135,40,4396,103,158,27,606,28,2
愛上巧克力,8,55,2343,95,66,51,5374,172,282,42,2864,80,135,40,4396,103,158
愛上巧克力,9,56,4723,121,47,55,2343,95,66,51,5374,172,282,42,2864,80,135
愛上巧克力,10,33,1383,59,34,20,282,33,13,28,1674,200,1,56,4723,121,47
愛上巧克力,11,41,6488,149,72,33,1383,59,34,20,282,33,13,28,1674,200,1
愛上巧克力,12,44,3503,148,297,41,6488,149,72,33,1383,59,34,20,282,33,13
愛上巧克力,13,62,5988,219,102,44,3503,148,297,41,6488,149,72,33,1383,59,34
愛上巧克力,14,48,1965,113,36,62,5988,219,102,44,3503,148,297,41,6488,149,72
愛上巧克力,15,42,3705,130,38,15,126,13,3,21,168,22,1,48,1965,113,36
愛上巧克力,16,44,1599,99,32,42,3705,130,38,15,126,13,3,21,168,22,1
愛上巧克力,17,61,7115,921,201,44,1599,99,32,42,3705,130,38,15,126,13,3
愛上巧克力,18,61,8233,278,136,61,7115,921,201,44,1599,99,32,42,3705,130,38
愛上巧克力,19,53,4197,268,142,61,8233,278,136,61,7115,921,201,44,1599,99,32
愛上巧克力,20,31,936,33,3,17,180,21,1,38,374,71,3,53,4197,268,142
愛上巧克力,21,49,3906,100,62,31,936,33,3,17,180,21,1,38,374,71,3
愛上巧克力,22,58,7134,166,111,49,3906,100,62,31,936,33,3,17,180,21,1
愛上巧克力,23,47,7611,158,104,58,7134,166,111,49,3906,100,62,31,936,33,3
愛上巧克力,24,43,3875,123,58,47,7611,158,104,58,7134,166,111,49,3906,100,62
愛上巧克力,25,36,4628,116,38,13,189,23,2,46,2358,92,20,50,9043,293,177
愛上巧克力,26,41,2653,114,38,36,4628,116,38,13,189,23,2,36,5069,163,78
愛上巧克力,27,54,4362,172,86,41,2653,114,38,36,4628,116,38,62,3589,164,33
愛上巧克力,28,54,3295,160,56,54,4362,172,86,41,2653,114,38,45,5815,165,71
愛上巧克力,29,50,9043,293,177,54,3295,160,56,54,4362,172,86,51,5086,200,105
愛上巧克力,30,45,5815,165,71,62,3589,164,33,36,5069,163,78,50,9043,293,177
愛上巧克力,31,51,5086,200,105,45,5815,165,71,62,3589,164,33,36,5069,163,78
愛上巧克力,32,86,2774,236,26,51,5086,200,105,45,5815,165,71,62,3589,164,33
愛上巧克力,33,90,4683,247,72,86,2774,236,26,51,5086,200,105,45,5815,165,71
愛上巧克力,34,81,8197,278,174,90,4683,247,72,86,2774,236,26,51,5086,200,105
愛上巧克力,35,52,3265,209,40,28,444,62,0,38,595,93,4,81,8197,278,174
愛上巧克力,36,57,6883,297,147,52,3265,209,40,28,444,62,0,38,595,93,4
愛上巧克力,37,78,8423,365,97,57,6883,297,147,52,3265,209,40,28,444,62,0
愛上巧克力,38,58,7065,307,78,78,8423,365,97,57,6883,297,147,52,3265,209,40
愛上巧克力,39,68,7620,295,61,58,7065,307,78,78,8423,365,97,57,6883,297,147
愛上巧克力,40,52,8595,188,64,21,3046,80,0,45,706,108,2,68,7620,295,61
愛上巧克力,41,45,10937,262,153,52,8595,188,64,21,3046,80,0,45,706,108,2
愛上巧克力,42,48,8276,532,40,45,10937,262,153,52,8595,188,64,21,3046,80,0
愛上巧克力,43,55,3955,189,4,48,8276,532,40,45,10937,262,153,52,8595,188,64
愛上巧克力,44,70,16316,383,244,55,3955,189,4,48,8276,532,40,45,10937,262,153
愛上巧克力,45,60,10462,334,33,29,3603,179,5,49,602,127,1,70,16316,383,244
愛上巧克力,46,88,12280,622,431,73,3272,191,3,60,10462,334,33,29,3603,179,5
愛上巧克力,47,105,9989,333,102,88,12280,622,431,73,3272,191,3,60,10462,334,33
愛上巧克力,48,113,10177,1970,85,105,9989,333,102,88,12280,622,431,73,3272,191,3
愛上巧克力,49,75,18707,477,390,36,862,153,0,66,1503,209,3,113,10177,1970,85
愛上巧克力,50,122,4870,347,20,75,18707,477,390,36,862,153,0,66,1503,209,3
愛上巧克力,51,128,3928,319,16,122,4870,347,20,75,18707,477,390,36,862,153,0
愛上巧克力,52,117,10835,444,117,128,3928,319,16,122,4870,347,20,75,18707,477,390
愛上巧克力,53,140,18458,717,277,117,10835,444,117,128,3928,319,16,122,4870,347,20
愛上巧克力,54,88,10259,387,67,30,7020,199,95,58,1116,153,0,140,18458,717,277
愛上巧克力,55,98,28888,658,432,88,10259,387,67,30,7020,199,95,58,1116,153,0
愛上巧克力,56,119,25877,643,210,98,28888,658,432,88,10259,387,67,30,7020,199,95
愛上巧克力,57,477,9965,892,110,119,25877,643,210,98,28888,658,432,88,10259,387,67
愛上巧克力,58,275,6980,980,93,477,9965,892,110,119,25877,643,210,98,28888,658,432
愛上巧克力,59,122,15011,518,242,27,758,69,34,70,4822,200,58,275,6980,980,93
愛上巧克力,60,229,25595,1135,350,122,15011,518,242,27,758,69,34,70,4822,200,58
愛上巧克力,61,241,11434,725,241,229,25595,1135,350,122,15011,518,242,27,758,69,34
愛上巧克力,62,220,12258,752,207,241,11434,725,241,229,25595,1135,350,122,15011,518,242
愛上巧克力,63,211,11660,2209,266,220,12258,752,207,241,11434,725,241,229,25595,1135,350
愛上巧克力,64,141,34078,824,588,50,3297,181,33,64,1376,158,11,211,11660,2209,266
愛上巧克力,65,185,33611,951,597,141,34078,824,588,50,3297,181,33,64,1376,158,11
愛上巧克力,66,444,28980,1337,361,185,33611,951,597,141,34078,824,588,50,3297,181,33
愛上巧克力,67,565,21788,1842,369,444,28980,1337,361,185,33611,951,597,141,34078,824,588
愛上巧克力,68,609,15182,2534,214,565,21788,1842,369,444,28980,1337,361,185,33611,951,597
愛上巧克力,69,192,9129,601,78,68,972,220,28,200,12506,833,135,609,15182,2534,214
愛上巧克力,70,184,25201,837,474,192,9129,601,78,68,972,220,28,200,12506,833,135
愛上巧克力,71,411,21480,941,159,184,25201,837,474,192,9129,601,78,68,972,220,28
愛上巧克力,72,394,16861,1651,288,411,21480,941,159,184,25201,837,474,192,9129,601,78
愛上巧克力,73,322,21915,1215,256,394,16861,1651,288,411,21480,941,159,184,25201,837,474
愛上巧克力,74,129,44712,1182,717,59,3374,246,24,100,2375,410,40,322,21915,1215,256
愛上巧克力,75,177,39188,1085,599,129,44712,1182,717,59,3374,246,24,100,2375,410,40
愛上巧克力,76,158,59038,1242,1711,177,39188,1085,599,129,44712,1182,717,59,3374,246,24
愛上巧克力,77,171,46584,1285,1436,158,59038,1242,1711,177,39188,1085,599,129,44712,1182,717
愛上巧克力,78,171,32516,1086,475,171,46584,1285,1436,158,59038,1242,1711,177,39188,1085,599
愛上巧克力,79,427,38501,1098,611,77,62602,1055,2250,96,3017,263,57,171,32516,1086,475
我們發財了,1,54,9078,293,199,16,3366,45,66,11,2291,38,9,4,663,8,2
我們發財了,2,52,12058,498,341,54,9078,293,199,16,3366,45,66,11,2291,38,9
我們發財了,3,36,6044,92,63,52,12058,498,341,54,9078,293,199,16,3366,45,66
我們發財了,4,17,1520,33,11,5,1219,14,1,11,1590,34,92,36,6044,92,63
我們發財了,5,34,3658,67,55,17,1520,33,11,5,1219,14,1,11,1590,34,92
我們發財了,6,33,864,53,4,34,3658,67,55,17,1520,33,11,5,1219,14,1
我們發財了,7,32,1814,81,49,33,864,53,4,34,3658,67,55,17,1520,33,11
我們發財了,8,23,4228,124,164,32,1814,81,49,33,864,53,4,34,3658,67,55
我們發財了,9,23,3210,106,58,8,167,13,19,15,131,10,1,23,4228,124,164
我們發財了,10,22,5173,103,35,23,3210,106,58,8,167,13,19,15,131,10,1
我們發財了,11,25,3468,95,37,22,5173,103,35,23,3210,106,58,8,167,13,19
我們發財了,12,22,5055,137,58,25,3468,95,37,22,5173,103,35,23,3210,106,58
我們發財了,13,29,3014,100,42,22,5055,137,58,25,3468,95,37,22,5173,103,35
我們發財了,14,22,2558,125,14,6,1707,32,17,24,1216,75,77,29,3014,100,42
我們發財了,15,31,2815,136,49,22,2558,125,14,6,1707,32,17,24,1216,75,77
我們發財了,16,29,2476,130,39,31,2815,136,49,22,2558,125,14,6,1707,32,17
我們發財了,17,41,2569,232,51,29,2476,130,39,31,2815,136,49,22,2558,125,14
我們發財了,18,66,7259,308,86,41,2569,232,51,29,2476,130,39,31,2815,136,49
我們發財了,19,27,2171,133,19,13,335,32,8,26,271,72,1,66,7259,308,86
我們發財了,20,40,7712,265,136,27,2171,133,19,13,335,32,8,26,271,72,1
我們發財了,21,59,11485,576,189,40,7712,265,136,27,2171,133,19,13,335,32,8
我們發財了,22,71,5544,287,98,59,11485,576,189,40,7712,265,136,27,2171,133,19
我們發財了,23,57,7748,341,199,71,5544,287,98,59,11485,576,189,40,7712,265,136
我們發財了,24,33,6266,274,48,4,33,3,0,18,243,38,1,57,7748,341,199
我們發財了,25,40,3680,138,45,33,6266,274,48,4,33,3,0,18,243,38,1
我們發財了,26,41,9237,206,102,40,3680,138,45,33,6266,274,48,4,33,3,0
我們發財了,27,46,3892,135,49,41,9237,206,102,40,3680,138,45,33,6266,274,48
我們發財了,28,54,12425,335,77,46,3892,135,49,41,9237,206,102,40,3680,138,45
我們發財了,29,46,5054,161,37,13,204,46,0,29,5154,165,94,54,12425,335,77
我們發財了,30,84,8977,724,82,46,5054,161,37,13,204,46,0,29,5154,165,94
我們發財了,31,68,3254,239,19,84,8977,724,82,46,5054,161,37,13,204,46,0
我們發財了,32,56,3427,190,28,68,3254,239,19,84,8977,724,82,46,5054,161,37
我們發財了,33,52,5098,163,47,56,3427,190,28,68,3254,239,19,84,8977,724,82
我們發財了,34,46,6731,278,64,14,183,26,2,42,9450,276,121,52,5098,163,47
我們發財了,35,69,3932,236,39,46,6731,278,64,14,183,26,2,42,9450,276,121
我們發財了,36,83,12730,399,108,69,3932,236,39,46,6731,278,64,14,183,26,2
我們發財了,37,142,11872,1240,186,83,12730,399,108,69,3932,236,39,46,6731,278,64
我們發財了,38,129,9742,822,204,142,11872,1240,186,83,12730,399,108,69,3932,236,39
我們發財了,39,60,7463,157,121,19,3364,118,16,24,389,72,3,129,9742,822,204
我們發財了,40,69,10751,317,139,60,7463,157,121,19,3364,118,16,24,389,72,3
我們發財了,41,84,8495,325,87,69,10751,317,139,60,7463,157,121,19,3364,118,16
我們發財了,42,137,16313,736,231,84,8495,325,87,69,10751,317,139,60,7463,157,121
我們發財了,43,119,6710,332,57,137,16313,736,231,84,8495,325,87,69,10751,317,139
我們發財了,44,104,15367,376,137,14,274,26,3,77,868,159,2,119,6710,332,57
我們發財了,45,176,12085,743,71,104,15367,376,137,14,274,26,3,77,868,159,2
我們發財了,46,126,7606,389,27,176,12085,743,71,104,15367,376,137,14,274,26,3
我們發財了,47,119,9413,287,32,126,7606,389,27,176,12085,743,71,104,15367,376,137
我們發財了,48,102,19174,389,152,119,9413,287,32,126,7606,389,27,176,12085,743,71
我們發財了,49,83,10127,338,69,11,3408,100,15,46,11030,258,82,102,19174,389,152
我們發財了,50,91,13337,648,100,83,10127,338,69,11,3408,100,15,46,11030,258,82
我們發財了,51,84,7759,262,48,91,13337,648,100,83,10127,338,69,11,3408,100,15
我們發財了,52,75,2399,228,14,84,7759,262,48,91,13337,648,100,83,10127,338,69
我們發財了,53,75,10558,388,176,75,2399,228,14,84,7759,262,48,91,13337,648,100
我們發財了,54,57,12132,369,70,11,106,15,0,29,5475,123,30,75,10558,388,176
我們發財了,55,133,14037,2216,120,57,12132,369,70,11,106,15,0,29,5475,123,30
我們發財了,56,105,10356,409,178,133,14037,2216,120,57,12132,369,70,11,106,15,0
我們發財了,57,99,6606,330,44,105,10356,409,178,133,14037,2216,120,57,12132,369,70
我們發財了,58,111,10365,324,80,99,6606,330,44,105,10356,409,178,133,14037,2216,120
我們發財了,59,49,5224,175,16,14,10074,118,126,36,2233,96,3,111,10365,324,80
我們發財了,60,55,5139,220,47,49,5224,175,16,14,10074,118,126,36,2233,96,3
我們發財了,61,60,9940,257,51,55,5139,220,47,49,5224,175,16,14,10074,118,126
我們發財了,62,65,9562,955,50,60,9940,257,51,55,5139,220,47,49,5224,175,16
我們發財了,63,76,4493,214,42,65,9562,955,50,60,9940,257,51,55,5139,220,47
我們發財了,64,50,5643,162,5,15,113,22,1,43,363,71,1,76,4493,214,42
我們發財了,65,47,3202,240,6,50,5643,162,5,15,113,22,1,43,363,71,1
我們發財了,66,53,2858,137,24,47,3202,240,6,50,5643,162,5,15,113,22,1
我們發財了,67,68,8219,195,41,53,2858,137,24,47,3202,240,6,50,5643,162,5
我們發財了,68,58,9308,237,181,68,8219,195,41,53,2858,137,24,47,3202,240,6
我們發財了,69,68,4886,197,50,16,5834,64,48,22,258,36,1,58,9308,237,181
我們發財了,70,86,12020,319,50,68,4886,197,50,16,5834,64,48,22,258,36,1
我們發財了,71,75,4788,264,15,86,12020,319,50,68,4886,197,50,16,5834,64,48
我們發財了,72,89,7497,254,71,75,4788,264,15,86,12020,319,50,68,4886,197,50
我們發財了,73,115,6309,295,30,89,7497,254,71,75,4788,264,15,86,12020,319,50
我們發財了,74,57,6067,247,24,21,10445,248,79,51,7318,175,68,115,6309,295,30
我們發財了,75,60,7040,286,115,57,6067,247,24,21,10445,248,79,51,7318,175,68
我們發財了,76,68,8391,279,66,60,7040,286,115,57,6067,247,24,21,10445,248,79
我們發財了,77,49,6957,218,35,68,8391,279,66,60,7040,286,115,57,6067,247,24
我們發財了,78,59,10217,403,147,49,6957,218,35,68,8391,279,66,60,7040,286,115
我們發財了,79,52,7533,214,28,19,7648,130,23,54,742,201,2,59,10217,403,147
我們發財了,80,50,10770,254,95,52,7533,214,28,19,7648,130,23,54,742,201,2
我們發財了,81,59,13976,254,112,50,10770,254,95,52,7533,214,28,19,7648,130,23
我們發財了,82,43,2243,151,15,59,13976,254,112,50,10770,254,95,52,7533,214,28
我們發財了,83,41,6373,168,39,43,2243,151,15,59,13976,254,112,50,10770,254,95
我們發財了,84,51,14082,3133,216,17,6483,90,68,21,18351,261,261,41,6373,168,39
我們發財了,85,40,4307,128,16,51,14082,3133,216,17,6483,90,68,21,18351,261,261
我們發財了,86,50,8397,131,37,40,4307,128,16,51,14082,3133,216,17,6483,90,68
我們發財了,87,36,3920,119,10,50,8397,131,37,40,4307,128,16,51,14082,3133,216
我們發財了,88,36,5606,106,56,36,3920,119,10,50,8397,131,37,40,4307,128,16
我們發財了,89,42,7855,95,63,4,53,3,0,22,7353,63,61,36,5606,106,56
美味的想念,1,39,12518,263,404,8,1637,8,107,13,3278,33,52,5,1010,10,3
美味的想念,2,48,11785,122,338,39,12518,263,404,8,1637,8,107,13,3278,33,52
美味的想念,3,26,14333,107,274,24,2358,36,35,75,21,77,0,107,3385,108,171
美味的想念,4,26,10020,69,296,26,14333,107,274,24,2358,36,35,75,21,77,0
美味的想念,5,27,11154,741,128,26,10020,69,296,26,14333,107,274,24,2358,36,35
美味的想念,6,42,17029,1081,249,27,11154,741,128,26,10020,69,296,26,14333,107,274
美味的想念,7,20,15343,1333,165,9,2806,25,14,8,1366,22,14,35,8084,131,57
美味的想念,8,42,18806,1269,170,20,15343,1333,165,9,2806,25,14,8,1366,22,14
美味的想念,9,11,242,10,0,42,18806,1269,170,20,15343,1333,165,9,2806,25,14
美味的想念,10,52,31732,1729,340,11,242,10,0,42,18806,1269,170,20,15343,1333,165
美味的想念,11,47,22226,1150,223,8,92,27,2,14,1630,34,16,34,13294,456,119
美味的想念,12,49,23424,2013,193,47,22226,1150,223,8,92,27,2,14,1630,34,16
美味的想念,13,56,32459,629,380,49,23424,2013,193,47,22226,1150,223,8,92,27,2
美味的想念,14,48,32361,451,343,56,32459,629,380,49,23424,2013,193,47,22226,1150,223
美味的想念,15,37,28000,366,264,32,39120,333,489,13,5399,94,71,28,13175,483,145
美味的想念,16,55,51279,694,803,37,28000,366,264,32,39120,333,489,13,5399,94,71
美味的想念,17,69,54288,467,490,55,51279,694,803,37,28000,366,264,32,39120,333,489
美味的想念,18,65,59711,813,719,16,6991,192,307,28,354,41,4,38,5936,247,119
美味的想念,19,76,28677,422,227,65,59711,813,719,16,6991,192,307,28,354,41,4
美味的想念,20,69,40313,547,330,76,28677,422,227,65,59711,813,719,16,6991,192,307
美味的想念,21,60,38984,553,357,69,40313,547,330,76,28677,422,227,65,59711,813,719
美味的想念,22,54,50165,373,378,16,14504,137,76,20,9716,98,60,26,26364,310,279
美味的想念,23,41,35646,502,272,39,47682,504,357,54,50165,373,378,16,14504,137,76
美味的想念,24,46,47457,1406,523,41,35646,502,272,39,47682,504,357,54,50165,373,378
美味的想念,25,32,33746,246,223,11,5255,60,47,10,3813,82,55,23,16000,174,66
美味的想念,26,35,34724,388,316,32,33746,246,223,11,5255,60,47,10,3813,82,55
美味的想念,27,63,48090,410,579,35,34724,388,316,32,33746,246,223,11,5255,60,47
美味的想念,28,70,48767,486,388,63,48090,410,579,35,34724,388,316,32,33746,246,223
美味的想念,29,58,48266,447,443,11,5805,87,47,12,3317,34,20,18,20185,327,274
美味的想念,30,49,35764,283,243,58,48266,447,443,11,5805,87,47,12,3317,34,20
美味的想念,31,43,22699,284,150,49,35764,283,243,58,48266,447,443,11,5805,87,47
美味的想念,32,54,43337,414,295,43,22699,284,150,49,35764,283,243,58,48266,447,443
美味的想念,33,46,41382,331,352,7,6148,38,14,8,3483,46,28,29,18294,149,97
美味的想念,34,71,36887,971,332,46,41382,331,352,7,6148,38,14,8,3483,46,28
美味的想念,35,62,39005,523,369,71,36887,971,332,46,41382,331,352,7,6148,38,14
美味的想念,36,65,39671,458,293,62,39005,523,369,71,36887,971,332,46,41382,331,352
美味的想念,37,97,44226,647,440,18,5681,46,44,14,5640,150,19,31,11994,259,70
美味的想念,38,17,222,30,1,97,44226,647,440,18,5681,46,44,14,5640,150,19
兩個爸爸,1,15,8302,763,160,,,,,,,,,,,,
兩個爸爸,2,14,17130,268,411,,,,,,,,,,,,
兩個爸爸,3,12,11326,140,83,,,,,,,,,,,,
兩個爸爸,4,8,10769,104,57,,,,,,,,,,,,
兩個爸爸,5,6,10336,159,89,,,,,,,,,,,,
兩個爸爸,6,8,20566,391,342,,,,,,,,,,,,
兩個爸爸,7,5,15094,234,178,,,,,,,,,,,,
兩個爸爸,8,8,21253,239,195,,,,,,,,,,,,
兩個爸爸,9,9,27376,364,409,,,,,,,,,,,,
兩個爸爸,10,4,9513,755,96,,,,,,,,,,,,
兩個爸爸,11,5,14697,190,169,,,,,,,,,,,,
兩個爸爸,12,8,17029,156,128,,,,,,,,,,,,
兩個爸爸,13,4,7770,71,35,,,,,,,,,,,,
兩個爸爸,14,4,19710,238,179,,,,,,,,,,,,
兩個爸爸,15,5,14553,255,144,,,,,,,,,,,,
兩個爸爸,16,4,9157,200,115,,,,,,,,,,,,
兩個爸爸,17,5,8003,335,284,,,,,,,,,,,,
兩個爸爸,18,4,7389,122,76,,,,,,,,,,,,
兩個爸爸,19,2,5639,61,15,,,,,,,,,,,,
兩個爸爸,20,4,24378,186,241,,,,,,,,,,,,
兩個爸爸,21,4,11643,223,73,,,,,,,,,,,,
兩個爸爸,22,16,103084,1261,1089,,,,,,,,,,,,
兩個爸爸,23,5,15124,194,132,,,,,,,,,,,,
兩個爸爸,24,3,20759,168,236,,,,,,,,,,,,
兩個爸爸,25,8,52841,373,261,,,,,,,,,,,,
兩個爸爸,26,6,48214,337,177,,,,,,,,,,,,
兩個爸爸,27,7,50414,470,225,,,,,,,,,,,,
兩個爸爸,28,5,39684,277,189,,,,,,,,,,,,
兩個爸爸,29,12,95696,695,724,,,,,,,,,,,,
兩個爸爸,30,4,39866,200,162,,,,,,,,,,,,
兩個爸爸,31,5,44034,357,220,,,,,,,,,,,,
兩個爸爸,32,4,38093,286,93,,,,,,,,,,,,
兩個爸爸,33,9,111072,800,821,,,,,,,,,,,,
兩個爸爸,34,6,69282,401,350,,,,,,,,,,,,
兩個爸爸,35,8,77029,364,572,,,,,,,,,,,,
兩個爸爸,36,2,20744,143,97,,,,,,,,,,,,
兩個爸爸,37,11,135610,1255,1095,,,,,,,,,,,,
兩個爸爸,38,11,74241,431,242,,,,,,,,,,,,
兩個爸爸,39,6,60124,483,184,,,,,,,,,,,,
兩個爸爸,40,8,87114,665,510,,,,,,,,,,,,
兩個爸爸,41,7,87981,672,531,,,,,,,,,,,,
兩個爸爸,42,8,109444,536,499,,,,,,,,,,,,
兩個爸爸,43,8,107405,473,481,,,,,,,,,,,,
兩個爸爸,44,5,69883,763,413,,,,,,,,,,,,
兩個爸爸,45,1,18080,138,119,,,,,,,,,,,,
兩個爸爸,46,4,39122,193,135,,,,,,,,,,,,
兩個爸爸,47,7,106583,789,422,,,,,,,,,,,,
兩個爸爸,48,5,63097,568,345,,,,,,,,,,,,
兩個爸爸,49,5,83568,1199,626,,,,,,,,,,,,
兩個爸爸,50,4,76770,491,541,,,,,,,,,,,,
兩個爸爸,51,4,72739,474,338,,,,,,,,,,,,
兩個爸爸,52,3,53142,3990,469,,,,,,,,,,,,
兩個爸爸,53,7,111742,633,389,,,,,,,,,,,,
兩個爸爸,54,6,87836,346,252,,,,,,,,,,,,
兩個爸爸,55,9,153701,1142,577,,,,,,,,,,,,
兩個爸爸,56,12,179210,1185,628,,,,,,,,,,,,
兩個爸爸,57,9,130878,923,364,,,,,,,,,,,,
兩個爸爸,58,12,220823,7395,1127,,,,,,,,,,,,
兩個爸爸,59,11,214153,1505,749,,,,,,,,,,,,
兩個爸爸,60,25,567844,10325,3907,,,,,,,,,,,,
