Drama,Episode,Drama_0,MaleMain_0,FemaleMain_0,Drama_1,MaleMain_1,FemaleMain_1,Drama_2,MaleMain_2,FemaleMain_2,Drama_3,MaleMain_3,FemaleMain_3
真愛找麻煩,1,5,7,6,0,2,2,0,1,2,0,2,2
真愛找麻煩,2,14,15,16,5,7,6,0,2,2,0,1,2
真愛找麻煩,3,17,15,16,14,15,16,5,7,6,0,2,2
真愛找麻煩,4,16,15,16,17,15,16,14,15,16,5,7,6
真愛找麻煩,5,12,11,11,11,11,12,14,14,15,16,15,16
真愛找麻煩,6,8,9,10,12,11,11,11,11,12,14,14,15
真愛找麻煩,7,11,11,12,8,9,10,12,11,11,11,11,12
真愛找麻煩,8,15,14,15,11,11,12,8,9,10,12,11,11
真愛找麻煩,9,18,17,18,15,14,15,11,11,12,8,9,10
真愛找麻煩,10,13,13,14,12,14,12,14,13,13,18,17,18
真愛找麻煩,11,11,11,14,13,13,14,12,14,12,14,13,13
真愛找麻煩,12,15,15,18,11,11,14,13,13,14,12,14,12
真愛找麻煩,13,16,14,15,15,15,18,11,11,14,13,13,14
真愛找麻煩,14,18,18,19,16,14,15,15,15,18,11,11,14
真愛找麻煩,15,16,16,17,17,15,15,14,12,15,18,18,19
真愛找麻煩,16,16,15,15,16,16,17,17,15,15,14,12,15
真愛找麻煩,17,20,19,20,16,15,15,16,16,17,17,15,15
真愛找麻煩,18,20,18,20,20,19,20,16,15,15,16,16,17
真愛找麻煩,19,19,16,19,20,18,20,20,19,20,16,15,15
真愛找麻煩,20,18,17,18,19,17,19,20,19,19,19,16,19
真愛找麻煩,21,16,16,18,18,17,18,19,17,19,20,19,19
真愛找麻煩,22,17,14,16,16,16,18,18,17,18,19,17,19
真愛找麻煩,23,16,16,17,17,14,16,16,16,18,18,17,18
真愛找麻煩,24,27,25,25,16,16,17,17,14,16,16,16,18
真愛找麻煩,25,22,19,20,24,21,22,21,20,19,27,25,25
真愛找麻煩,26,23,20,20,22,19,20,24,21,22,21,20,19
真愛找麻煩,27,28,24,27,23,20,20,22,19,20,24,21,22
真愛找麻煩,28,40,35,38,28,24,27,23,20,20,22,19,20
真愛找麻煩,29,29,27,31,40,35,38,28,24,27,23,20,20
真愛找麻煩,30,23,21,24,18,17,19,16,13,16,24,23,24
真愛找麻煩,31,24,22,24,23,21,24,18,17,19,16,13,16
真愛找麻煩,32,26,26,26,24,22,24,23,21,24,18,17,19
真愛找麻煩,33,27,26,27,26,26,26,24,22,24,23,21,24
真愛找麻煩,34,28,25,26,22,22,23,30,26,28,27,26,27
真愛找麻煩,35,29,26,27,28,25,26,22,22,23,30,26,28
真愛找麻煩,36,26,25,26,29,26,27,28,25,26,22,22,23
真愛找麻煩,37,25,24,25,26,25,26,29,26,27,28,25,26
真愛找麻煩,38,31,29,31,25,24,25,26,25,26,29,26,27
真愛找麻煩,39,28,28,29,22,22,23,26,25,28,31,29,31
真愛找麻煩,40,30,29,30,28,28,29,22,22,23,26,25,28
真愛找麻煩,41,24,24,26,30,29,30,28,28,29,22,22,23
真愛找麻煩,42,25,22,25,24,24,26,30,29,30,28,28,29
真愛找麻煩,43,38,36,39,25,22,25,24,24,26,30,29,30
真愛找麻煩,44,27,24,26,25,23,27,35,32,35,38,36,39
真愛找麻煩,45,29,28,30,27,24,26,25,23,27,35,32,35
真愛找麻煩,46,28,27,29,29,28,30,27,24,26,25,23,27
真愛找麻煩,47,30,28,31,28,27,29,29,28,30,27,24,26
真愛找麻煩,48,30,28,30,30,28,31,28,27,29,29,28,30
真愛找麻煩,49,25,23,24,19,20,20,25,23,24,30,28,30
真愛找麻煩,50,28,25,27,25,23,24,19,20,20,25,23,24
真愛找麻煩,51,30,28,29,28,25,27,25,23,24,19,20,20
真愛找麻煩,52,36,32,34,30,28,29,28,25,27,25,23,24
真愛找麻煩,53,37,33,34,36,32,34,30,28,29,28,25,27
真愛找麻煩,54,26,23,25,23,20,22,29,25,26,37,33,34
真愛找麻煩,55,26,24,25,26,23,25,23,20,22,29,25,26
真愛找麻煩,56,26,22,25,26,24,25,26,23,25,23,20,22
真愛找麻煩,57,34,31,31,26,22,25,26,24,25,26,23,25
真愛找麻煩,58,29,27,29,34,31,31,26,22,25,26,24,25
真愛找麻煩,59,35,29,32,25,24,24,29,25,26,29,27,29
真愛找麻煩,60,34,32,33,35,29,32,25,24,24,29,25,26
真愛找麻煩,61,37,32,33,34,32,33,35,29,32,25,24,24
真愛找麻煩,62,44,39,42,37,32,33,34,32,33,35,29,32
真愛找麻煩,63,53,49,53,44,39,42,37,32,33,34,32,33
真愛找麻煩,64,34,31,31,30,30,30,52,48,52,53,49,53
真愛找麻煩,65,41,38,38,34,31,31,30,30,30,52,48,52
真愛找麻煩,66,43,38,40,41,38,38,34,31,31,30,30,30
真愛找麻煩,67,42,38,40,43,38,40,41,38,38,34,31,31
真愛找麻煩,68,38,33,36,42,38,40,43,38,40,41,38,38
真愛找麻煩,69,34,30,32,27,25,27,37,33,37,38,33,36
真愛找麻煩,70,46,39,43,34,30,32,27,25,27,37,33,37
真愛找麻煩,71,42,39,38,46,39,43,34,30,32,27,25,27
真愛找麻煩,72,56,48,54,42,39,38,46,39,43,34,30,32
真愛找麻煩,73,53,46,49,56,48,54,42,39,38,46,39,43
真愛找麻煩,74,43,38,49,25,24,24,42,36,38,53,46,49
真愛找麻煩,75,44,41,51,43,38,49,25,24,24,42,36,38
真愛找麻煩,76,44,40,45,44,41,51,43,38,49,25,24,24
真愛找麻煩,77,46,39,44,44,40,45,44,41,51,43,38,49
真愛找麻煩,78,46,39,45,46,39,44,44,40,45,44,41,51
真愛找麻煩,79,44,41,39,32,31,31,44,41,43,46,39,45
真愛找麻煩,80,66,66,64,44,41,39,32,31,31,44,41,43
真愛找麻煩,81,85,85,86,66,66,64,44,41,39,32,31,31
真愛找麻煩,82,88,81,90,85,85,86,66,66,64,44,41,39
真愛找麻煩,83,100,100,100,88,81,90,85,85,86,66,66,64
真愛找麻煩,84,75,70,81,54,56,57,78,77,84,100,100,100
剩女保鑣,1,27,31,55,0,0,45,0,0,33,0,0,21
剩女保鑣,2,60,67,69,27,31,55,0,0,45,0,0,33
剩女保鑣,3,79,90,100,60,67,69,27,31,55,0,0,45
剩女保鑣,4,60,67,91,79,90,100,60,67,69,27,31,55
剩女保鑣,5,39,62,67,44,52,63,38,49,55,60,67,91
剩女保鑣,6,72,82,88,39,62,67,44,52,63,38,49,55
剩女保鑣,7,49,61,69,72,82,88,39,62,67,44,52,63
剩女保鑣,8,76,92,85,49,61,69,72,82,88,39,62,67
剩女保鑣,9,77,87,79,76,92,85,49,61,69,72,82,88
剩女保鑣,10,53,66,65,56,66,70,69,74,80,77,87,79
剩女保鑣,11,56,74,53,53,66,65,56,66,70,69,74,80
剩女保鑣,12,73,92,68,56,74,53,53,66,65,56,66,70
剩女保鑣,13,100,100,93,73,92,68,56,74,53,53,66,65
剩女保鑣,14,73,69,89,100,100,93,73,92,68,56,74,53
剩女保鑣,15,45,58,60,56,76,64,59,68,69,73,69,89
剩女保鑣,16,64,75,61,45,58,60,56,76,64,59,68,69
剩女保鑣,17,63,70,62,64,75,61,45,58,60,56,76,64
剩女保鑣,18,76,93,84,63,70,62,64,75,61,45,58,60
剩女保鑣,19,68,87,65,76,93,84,63,70,62,64,75,61
剩女保鑣,20,38,56,43,36,48,37,49,60,49,68,87,65
剩女保鑣,21,59,58,56,38,56,43,36,48,37,49,60,49
剩女保鑣,22,45,53,69,59,58,56,38,56,43,36,48,37
剩女保鑣,23,51,49,55,45,53,69,59,58,56,38,56,43
剩女保鑣,24,54,52,43,51,49,55,45,53,69,59,58,56
剩女保鑣,25,24,33,38,23,36,28,39,44,43,54,52,43
剩女保鑣,26,32,36,49,24,33,38,23,36,28,39,44,43
剩女保鑣,27,36,46,40,32,36,49,24,33,38,23,36,28
剩女保鑣,28,32,40,36,36,46,40,32,36,49,24,33,38
剩女保鑣,29,39,49,39,32,40,36,36,46,40,32,36,49
剩女保鑣,30,31,38,38,38,53,43,37,55,41,39,49,39
剩女保鑣,31,27,40,31,31,38,38,38,53,43,37,55,41
剩女保鑣,32,32,42,31,27,40,31,31,38,38,38,53,43
剩女保鑣,33,28,42,34,32,42,31,27,40,31,31,38,38
剩女保鑣,34,33,51,52,28,42,34,32,42,31,27,40,31
剩女保鑣,35,24,71,34,36,54,57,46,66,63,33,51,52
剩女保鑣,36,29,43,39,24,71,34,36,54,57,46,66,63
剩女保鑣,37,28,42,32,29,43,39,24,71,34,36,54,57
剩女保鑣,38,28,39,35,28,42,32,29,43,39,24,71,34
剩女保鑣,39,22,27,30,28,39,35,28,42,32,29,43,39
剩女保鑣,40,19,27,37,33,35,35,35,56,34,22,27,30
剩女保鑣,41,21,26,28,19,27,37,33,35,35,35,56,34
剩女保鑣,42,34,39,34,21,26,28,19,27,37,33,35,35
剩女保鑣,43,24,31,19,34,39,34,21,26,28,19,27,37
剩女保鑣,44,27,25,28,24,31,19,34,39,34,21,26,28
剩女保鑣,45,24,28,24,10,34,26,10,30,20,27,25,28
剩女保鑣,46,30,30,28,24,28,24,10,34,26,10,30,20
剩女保鑣,47,26,36,28,30,30,28,24,28,24,10,34,26
剩女保鑣,48,21,24,19,26,36,28,30,30,28,24,28,24
剩女保鑣,49,24,32,23,21,24,19,26,36,28,30,30,28
剩女保鑣,50,31,34,31,20,24,25,29,43,33,24,32,23
剩女保鑣,51,37,43,36,31,34,31,20,24,25,29,43,33
剩女保鑣,52,31,36,31,37,43,36,31,34,31,20,24,25
剩女保鑣,53,38,48,34,31,36,31,37,43,36,31,34,31
剩女保鑣,54,28,36,28,38,48,34,31,36,31,37,43,36
剩女保鑣,55,17,24,29,21,32,29,26,39,29,28,36,28
剩女保鑣,56,22,30,28,17,24,29,21,32,29,26,39,29
剩女保鑣,57,38,39,37,22,30,28,17,24,29,21,32,29
剩女保鑣,58,33,36,32,38,39,37,22,30,28,17,24,29
剩女保鑣,59,25,32,33,33,36,32,38,39,37,22,30,28
剩女保鑣,60,22,31,22,23,30,23,24,42,29,25,32,33
剩女保鑣,61,24,38,70,22,31,22,23,30,23,24,42,29
剩女保鑣,62,22,33,40,24,38,70,22,31,22,23,30,23
剩女保鑣,63,30,40,35,22,33,40,24,38,70,22,31,22
剩女保鑣,64,29,50,53,30,40,35,22,33,40,24,38,70
剩女保鑣,65,27,36,34,23,38,38,27,44,52,29,50,53
剩女保鑣,66,24,34,31,27,36,34,23,38,38,27,44,52
剩女保鑣,67,34,41,34,24,34,31,27,36,34,23,38,38
剩女保鑣,68,28,35,36,34,41,34,24,34,31,27,36,34
剩女保鑣,69,28,39,33,28,35,36,34,41,34,24,34,31
剩女保鑣,70,28,31,26,18,29,20,20,40,34,28,39,33
剩女保鑣,71,23,33,32,28,31,26,18,29,20,20,40,34
剩女保鑣,72,26,32,36,23,33,32,28,31,26,18,29,20
剩女保鑣,73,30,34,31,26,32,36,23,33,32,28,31,26
剩女保鑣,74,22,25,31,19,25,20,26,32,36,33,41,41
剩女保鑣,75,22,27,30,22,25,31,19,25,20,26,32,36
剩女保鑣,76,25,31,33,22,27,30,22,25,31,19,25,20
剩女保鑣,77,17,31,24,25,31,33,22,27,30,22,25,31
剩女保鑣,78,19,21,19,21,19,31,27,36,32,20,25,27
剩女保鑣,79,19,22,23,19,21,19,21,19,31,27,36,32
剩女保鑣,80,21,29,23,19,22,23,19,21,19,21,19,31
剩女保鑣,81,27,23,31,21,29,23,19,22,23,19,21,19
剩女保鑣,82,31,34,40,28,18,29,25,39,40,22,25,25
愛上巧克力,1,27,36,35,8,11,12,10,14,14,5,12,30
愛上巧克力,2,41,46,43,27,36,35,8,11,12,10,14,14
愛上巧克力,3,38,38,37,41,46,43,27,36,35,8,11,12
愛上巧克力,4,42,39,46,38,38,37,41,46,43,27,36,35
愛上巧克力,5,30,34,34,38,45,43,43,48,47,42,39,46
愛上巧克力,6,35,38,43,30,34,34,38,45,43,43,48,47
愛上巧克力,7,44,42,44,35,38,43,30,34,34,38,45,43
愛上巧克力,8,42,39,40,44,42,44,35,38,43,30,34,34
愛上巧克力,9,42,43,42,42,39,40,44,42,44,35,38,43
愛上巧克力,10,30,29,29,33,39,37,42,49,49,42,43,42
愛上巧克力,11,35,45,41,30,29,29,33,39,37,42,49,49
愛上巧克力,12,41,52,50,35,45,41,30,29,29,33,39,37
愛上巧克力,13,49,48,57,41,52,50,35,45,41,30,29,29
愛上巧克力,14,43,48,52,49,48,57,41,52,50,35,45,41
愛上巧克力,15,40,43,40,32,29,29,54,60,51,43,48,52
愛上巧克力,16,46,46,48,40,43,40,32,29,29,54,60,51
愛上巧克力,17,39,41,42,46,46,48,40,43,40,32,29,29
愛上巧克力,18,52,54,54,39,41,42,46,46,48,40,43,40
愛上巧克力,19,48,50,50,52,54,54,39,41,42,46,46,48
愛上巧克力,20,37,44,41,35,41,38,36,43,40,48,50,50
愛上巧克力,21,46,50,49,37,44,41,35,41,38,36,43,40
愛上巧克力,22,38,41,44,46,50,49,37,44,41,35,41,38
愛上巧克力,23,36,40,42,38,41,44,46,50,49,37,44,41
愛上巧克力,24,47,52,57,36,40,42,38,41,44,46,50,49
愛上巧克力,25,32,34,32,43,49,45,46,48,52,47,52,57
愛上巧克力,26,40,42,41,32,34,32,43,49,45,46,48,52
愛上巧克力,27,49,49,55,40,42,41,32,34,32,43,49,45
愛上巧克力,28,45,48,49,49,49,55,40,42,41,32,34,32
愛上巧克力,29,48,50,53,45,48,49,49,49,55,40,42,41
愛上巧克力,30,32,33,33,37,41,41,49,57,50,48,50,53
愛上巧克力,31,39,41,40,32,33,33,37,41,41,49,57,50
愛上巧克力,32,48,52,51,39,41,40,32,33,33,37,41,41
愛上巧克力,33,55,60,60,48,52,51,39,41,40,32,33,33
愛上巧克力,34,54,59,59,55,60,60,48,52,51,39,41,40
愛上巧克力,35,39,41,43,36,46,50,42,46,44,54,59,59
愛上巧克力,36,43,46,43,39,41,43,36,46,50,42,46,44
愛上巧克力,37,40,47,46,43,46,43,39,41,43,36,46,50
愛上巧克力,38,48,51,51,40,47,46,43,46,43,39,41,43
愛上巧克力,39,45,53,49,48,51,51,40,47,46,43,46,43
愛上巧克力,40,35,42,35,32,40,38,44,52,46,45,53,49
愛上巧克力,41,43,49,43,35,42,35,32,40,38,44,52,46
愛上巧克力,42,41,47,39,43,49,43,35,42,35,32,40,38
愛上巧克力,43,72,76,75,41,47,39,43,49,43,35,42,35
愛上巧克力,44,94,95,92,72,76,75,41,47,39,43,49,43
愛上巧克力,45,69,74,70,65,63,65,77,86,81,94,95,92
愛上巧克力,46,100,98,99,87,92,92,69,74,70,65,63,65
愛上巧克力,47,93,100,97,100,98,99,87,92,92,69,74,70
愛上巧克力,48,96,93,93,93,100,97,100,98,99,87,92,92
愛上巧克力,49,67,69,95,64,69,71,80,83,82,96,93,93
愛上巧克力,50,78,78,90,67,69,95,64,69,71,80,83,82
愛上巧克力,51,80,86,91,78,78,90,67,69,95,64,69,71
愛上巧克力,52,73,78,79,80,86,91,78,78,90,67,69,95
愛上巧克力,53,67,70,67,73,78,79,80,86,91,78,78,90
愛上巧克力,54,59,56,58,52,56,55,63,66,64,67,70,67
愛上巧克力,55,73,70,80,59,56,58,52,56,55,63,66,64
愛上巧克力,56,70,73,71,73,70,80,59,56,58,52,56,55
愛上巧克力,57,80,85,84,70,73,71,73,70,80,59,56,58
愛上巧克力,58,96,96,100,80,85,84,70,73,71,73,70,80
愛上巧克力,59,59,62,62,64,61,66,71,77,73,96,96,100
愛上巧克力,60,67,70,81,59,62,62,64,61,66,71,77,73
愛上巧克力,61,87,88,90,67,70,81,59,62,62,64,61,66
愛上巧克力,62,84,86,85,87,88,90,67,70,81,59,62,62
愛上巧克力,63,67,81,76,84,86,85,87,88,90,67,70,81
愛上巧克力,64,57,57,81,54,55,70,72,68,74,67,81,76
愛上巧克力,65,70,69,75,57,57,81,54,55,70,72,68,74
愛上巧克力,66,71,73,75,70,69,75,57,57,81,54,55,70
愛上巧克力,67,76,75,80,71,73,75,70,69,75,57,57,81
愛上巧克力,68,78,84,85,76,75,80,71,73,75,70,69,75
愛上巧克力,69,52,53,56,46,54,50,75,80,75,78,84,85
愛上巧克力,70,57,60,60,52,53,56,46,54,50,75,80,75
愛上巧克力,71,83,86,86,57,60,60,52,53,56,46,54,50
愛上巧克力,72,79,86,84,83,86,86,57,60,60,52,53,56
愛上巧克力,73,85,80,85,79,86,84,83,86,86,57,60,60
愛上巧克力,74,67,70,71,54,47,54,71,69,71,85,80,85
愛上巧克力,75,69,73,78,67,70,71,54,47,54,71,69,71
愛上巧克力,76,76,72,84,69,73,78,67,70,71,54,47,54
愛上巧克力,77,87,87,87,76,72,84,69,73,78,67,70,71
愛上巧克力,78,75,84,78,87,87,87,76,72,84,69,73,78
愛上巧克力,79,67,77,71,58,57,59,69,76,74,75,84,78
我們發財了,1,31,31,43,8,13,21,8,6,29,7,6,32
我們發財了,2,58,68,76,31,31,43,8,13,21,8,6,29
我們發財了,3,56,52,68,58,68,76,31,31,43,8,13,21
我們發財了,4,26,29,36,28,29,42,33,28,46,56,52,68
我們發財了,5,24,27,41,26,29,36,28,29,42,33,28,46
我們發財了,6,45,43,67,24,27,41,26,29,36,28,29,42
我們發財了,7,44,45,55,45,43,67,24,27,41,26,29,36
我們發財了,8,42,42,46,44,45,55,45,43,67,24,27,41
我們發財了,9,29,29,41,27,25,44,49,53,59,42,42,46
我們發財了,10,30,34,46,29,29,41,27,25,44,49,53,59
我們發財了,11,37,40,45,30,34,46,29,29,41,27,25,44
我們發財了,12,39,39,48,37,40,45,30,34,46,29,29,41
我們發財了,13,43,50,57,39,39,48,37,40,45,30,34,46
我們發財了,14,34,43,46,27,36,41,35,31,48,43,50,57
我們發財了,15,37,41,52,34,43,46,27,36,41,35,31,48
我們發財了,16,36,41,51,37,41,52,34,43,46,27,36,41
我們發財了,17,44,44,59,36,41,51,37,41,52,34,43,46
我們發財了,18,51,52,59,44,44,59,36,41,51,37,41,52
我們發財了,19,30,31,36,25,23,41,35,39,54,51,52,59
我們發財了,20,39,45,50,30,31,36,25,23,41,35,39,54
我們發財了,21,33,39,44,39,45,50,30,31,36,25,23,41
我們發財了,22,43,48,51,33,39,44,39,45,50,30,31,36
我們發財了,23,40,43,47,43,48,51,33,39,44,39,45,50
我們發財了,24,22,26,34,24,28,39,36,43,46,40,43,47
我們發財了,25,23,31,33,22,26,34,24,28,39,36,43,46
我們發財了,26,35,38,46,23,31,33,22,26,34,24,28,39
我們發財了,27,38,65,52,35,38,46,23,31,33,22,26,34
我們發財了,28,32,57,45,38,65,52,35,38,46,23,31,33
我們發財了,29,25,31,37,18,20,29,28,37,39,32,57,45
我們發財了,30,37,40,45,25,31,37,18,20,29,28,37,39
我們發財了,31,41,44,52,37,40,45,25,31,37,18,20,29
我們發財了,32,51,67,59,41,44,52,37,40,45,25,31,37
我們發財了,33,42,53,57,51,67,59,41,44,52,37,40,45
我們發財了,34,40,43,58,32,34,44,40,40,50,42,53,57
我們發財了,35,51,54,63,40,43,58,32,34,44,40,40,50
我們發財了,36,37,44,53,51,54,63,40,43,58,32,34,44
我們發財了,37,82,83,87,37,44,53,51,54,63,40,43,58
我們發財了,38,100,100,100,82,83,87,37,44,53,51,54,63
我們發財了,39,53,53,58,44,48,53,49,54,63,100,100,100
我們發財了,40,44,76,59,53,53,58,44,48,53,49,54,63
我們發財了,41,51,75,64,44,76,59,53,53,58,44,48,53
我們發財了,42,46,56,57,51,75,64,44,76,59,53,53,58
我們發財了,43,50,60,62,46,56,57,51,75,64,44,76,59
我們發財了,44,47,48,52,25,41,37,32,51,41,50,60,62
我們發財了,45,54,60,59,47,48,52,25,41,37,32,51,41
我們發財了,46,45,49,46,54,60,59,47,48,52,25,41,37
我們發財了,47,42,43,47,45,49,46,54,60,59,47,48,52
我們發財了,48,45,46,48,42,43,47,45,49,46,54,60,59
我們發財了,49,32,40,41,28,27,39,34,40,43,45,46,48
我們發財了,50,39,43,45,32,40,41,28,27,39,34,40,43
我們發財了,51,51,53,51,39,43,45,32,40,41,28,27,39
我們發財了,52,79,85,68,51,53,51,39,43,45,32,40,41
我們發財了,53,86,91,82,79,85,68,51,53,51,39,43,45
我們發財了,54,30,37,36,26,34,38,64,70,62,86,91,82
我們發財了,55,40,42,52,30,37,36,26,34,38,64,70,62
我們發財了,56,33,37,39,40,42,52,30,37,36,26,34,38
我們發財了,57,35,39,38,33,37,39,40,42,52,30,37,36
我們發財了,58,40,44,45,35,39,38,33,37,39,40,42,52
我們發財了,59,32,29,35,31,32,39,42,44,45,40,44,45
我們發財了,60,36,41,38,32,29,35,31,32,39,42,44,45
我們發財了,61,32,36,41,36,41,38,32,29,35,31,32,39
我們發財了,62,34,31,37,32,36,41,36,41,38,32,29,35
我們發財了,63,43,43,44,34,31,37,32,36,41,36,41,38
我們發財了,64,22,23,31,24,22,35,27,28,36,43,43,44
我們發財了,65,27,31,33,22,23,31,24,22,35,27,28,36
我們發財了,66,26,31,38,27,31,33,22,23,31,24,22,35
我們發財了,67,28,29,33,26,31,38,27,31,33,22,23,31
我們發財了,68,34,36,34,28,29,33,26,31,38,27,31,33
我們發財了,69,31,25,35,29,26,36,29,30,35,34,36,34
我們發財了,70,36,38,44,31,25,35,29,26,36,29,30,35
我們發財了,71,41,41,50,36,38,44,31,25,35,29,26,36
我們發財了,72,36,33,42,41,41,50,36,38,44,31,25,35
我們發財了,73,49,41,50,36,33,42,41,41,50,36,38,44
我們發財了,74,48,50,53,28,28,40,41,41,47,49,41,50
我們發財了,75,61,55,54,48,50,53,28,28,40,41,41,47
我們發財了,76,47,50,50,61,55,54,48,50,53,28,28,40
我們發財了,77,45,49,53,47,50,50,61,55,54,48,50,53
我們發財了,78,48,45,53,45,49,53,47,50,50,61,55,54
我們發財了,79,36,33,43,26,26,37,45,51,49,48,45,53
我們發財了,80,33,29,43,36,33,43,26,26,37,45,51,49
我們發財了,81,41,38,54,33,29,43,36,33,43,26,26,37
我們發財了,82,29,31,46,41,38,54,33,29,43,36,33,43
我們發財了,83,46,37,44,29,31,46,41,38,54,33,29,43
我們發財了,84,34,36,44,23,25,35,38,44,47,46,37,44
我們發財了,85,67,72,67,34,36,44,23,25,35,38,44,47
我們發財了,86,41,35,43,67,72,67,34,36,44,23,25,35
我們發財了,87,41,44,48,41,35,43,67,72,67,34,36,44
我們發財了,88,37,44,58,41,44,48,41,35,43,67,72,67
我們發財了,89,42,41,44,28,32,41,39,49,52,37,44,58
美味的想念,1,34,38,54,8,9,53,7,10,50,7,7,51
美味的想念,2,57,61,70,34,38,54,8,9,53,7,10,50
美味的想念,3,31,36,63,31,31,53,27,26,64,36,41,78
美味的想念,4,49,48,58,31,36,63,31,31,53,27,26,64
美味的想念,5,61,63,92,49,48,58,31,36,63,31,31,53
美味的想念,6,60,61,55,61,63,92,49,48,58,31,36,63
美味的想念,7,42,45,43,46,45,41,44,47,38,44,44,64
美味的想念,8,57,61,44,42,45,43,46,45,41,44,47,38
美味的想念,9,54,52,49,57,61,44,42,45,43,46,45,41
美味的想念,10,53,62,38,54,52,49,57,61,44,42,45,43
美味的想念,11,44,43,31,47,50,34,56,59,35,42,47,34
美味的想念,12,58,75,37,44,43,31,47,50,34,56,59,35
美味的想念,13,74,71,41,58,75,37,44,43,31,47,50,34
美味的想念,14,58,57,45,74,71,41,58,75,37,44,43,31
美味的想念,15,50,52,46,44,43,28,50,53,36,52,56,42
美味的想念,16,54,57,47,50,52,46,44,43,28,50,53,36
美味的想念,17,67,71,46,54,57,47,50,52,46,44,43,28
美味的想念,18,51,56,37,49,49,29,60,65,31,67,75,40
美味的想念,19,51,53,43,51,56,37,49,49,29,60,65,31
美味的想念,20,65,67,48,51,53,43,51,56,37,49,49,29
美味的想念,21,49,51,52,65,67,48,51,53,43,51,56,37
美味的想念,22,37,41,50,41,44,43,37,40,44,43,41,47
美味的想念,23,41,45,96,38,40,99,37,41,50,41,44,43
美味的想念,24,38,39,80,41,45,96,38,40,99,37,41,50
美味的想念,25,26,30,59,30,31,76,34,35,67,34,35,89
美味的想念,26,33,37,81,26,30,59,30,31,76,34,35,67
美味的想念,27,40,45,71,33,37,81,26,30,59,30,31,76
美味的想念,28,44,45,79,40,45,71,33,37,81,26,30,59
美味的想念,29,31,34,48,41,40,36,40,48,54,42,38,66
美味的想念,30,46,48,66,31,34,48,41,40,36,40,48,54
美味的想念,31,45,43,71,46,48,66,31,34,48,41,40,36
美味的想念,32,44,46,68,45,43,71,46,48,66,31,34,48
美味的想念,33,28,32,0,32,28,0,32,34,0,41,40,50
美味的想念,34,33,38,0,28,32,0,32,28,0,32,34,0
美味的想念,35,44,52,0,33,38,0,28,32,0,32,28,0
美味的想念,36,50,56,0,44,52,0,33,38,0,28,32,0
美味的想念,37,43,46,0,32,37,0,37,46,0,42,44,0
美味的想念,38,100,100,0,43,46,0,32,37,0,37,46,0
兩個爸爸,1,45,45,44,,,,,,,,,
兩個爸爸,2,72,69,70,,,,,,,,,
兩個爸爸,3,85,76,85,,,,,,,,,
兩個爸爸,4,45,46,45,,,,,,,,,
兩個爸爸,5,52,54,51,,,,,,,,,
兩個爸爸,6,49,49,52,,,,,,,,,
兩個爸爸,7,67,65,65,,,,,,,,,
兩個爸爸,8,48,47,50,,,,,,,,,
兩個爸爸,9,51,52,48,,,,,,,,,
兩個爸爸,10,47,47,48,,,,,,,,,
兩個爸爸,11,52,55,53,,,,,,,,,
兩個爸爸,12,38,38,37,,,,,,,,,
兩個爸爸,13,33,34,35,,,,,,,,,
兩個爸爸,14,39,44,41,,,,,,,,,
兩個爸爸,15,37,38,37,,,,,,,,,
兩個爸爸,16,44,48,43,,,,,,,,,
兩個爸爸,17,43,41,42,,,,,,,,,
兩個爸爸,18,35,37,35,,,,,,,,,
兩個爸爸,19,34,36,32,,,,,,,,,
兩個爸爸,20,33,36,36,,,,,,,,,
兩個爸爸,21,40,40,40,,,,,,,,,
兩個爸爸,22,36,38,40,,,,,,,,,
兩個爸爸,23,41,42,45,,,,,,,,,
兩個爸爸,24,61,60,57,,,,,,,,,
兩個爸爸,25,54,52,56,,,,,,,,,
兩個爸爸,26,51,46,49,,,,,,,,,
兩個爸爸,27,52,50,50,,,,,,,,,
兩個爸爸,28,53,50,53,,,,,,,,,
兩個爸爸,29,40,39,41,,,,,,,,,
兩個爸爸,30,48,46,47,,,,,,,,,
兩個爸爸,31,52,50,51,,,,,,,,,
兩個爸爸,32,44,42,45,,,,,,,,,
兩個爸爸,33,38,39,39,,,,,,,,,
兩個爸爸,34,45,46,42,,,,,,,,,
兩個爸爸,35,48,49,49,,,,,,,,,
兩個爸爸,36,47,47,46,,,,,,,,,
兩個爸爸,37,39,40,40,,,,,,,,,
兩個爸爸,38,48,46,46,,,,,,,,,
兩個爸爸,39,55,54,53,,,,,,,,,
兩個爸爸,40,61,60,60,,,,,,,,,
兩個爸爸,41,55,57,53,,,,,,,,,
兩個爸爸,42,39,42,40,,,,,,,,,
兩個爸爸,43,50,52,52,,,,,,,,,
兩個爸爸,44,59,62,58,,,,,,,,,
兩個爸爸,45,60,67,59,,,,,,,,,
兩個爸爸,46,44,47,46,,,,,,,,,
兩個爸爸,47,70,71,74,,,,,,,,,
兩個爸爸,48,78,86,86,,,,,,,,,
兩個爸爸,49,96,100,90,,,,,,,,,
兩個爸爸,50,71,69,65,,,,,,,,,
兩個爸爸,51,72,77,73,,,,,,,,,
兩個爸爸,52,58,64,55,,,,,,,,,
兩個爸爸,53,62,60,57,,,,,,,,,
兩個爸爸,54,66,63,65,,,,,,,,,
兩個爸爸,55,57,59,57,,,,,,,,,
兩個爸爸,56,68,67,59,,,,,,,,,
兩個爸爸,57,69,72,69,,,,,,,,,
兩個爸爸,58,85,79,85,,,,,,,,,
兩個爸爸,59,78,77,82,,,,,,,,,
兩個爸爸,60,100,100,100,,,,,,,,,
